{
  "experiment": "synthesis_ablation_mmlu_pro",
  "model": "qwen-22b",
  "n": 3,
  "k": 2,
  "majority_vote": {
    "k": 2,
    "rate": 0.6666666666666666,
    "ci": [
      0.2076549551264879,
      0.9385096847238394
    ]
  },
  "synth_answers_only": {
    "k": 2,
    "rate": 0.6666666666666666,
    "ci": [
      0.2076549551264879,
      0.9385096847238394
    ]
  },
  "synth_full_reasoning": {
    "k": 3,
    "rate": 1.0,
    "ci": [
      0.43849391955098227,
      1
    ]
  },
  "elapsed_s": 132.4229030609131
}