{
  "experiment": "synthesis_ablation_mmlu_pro",
  "model": "qwen-22b",
  "n": 500,
  "k": 4,
  "majority_vote": {
    "k": 344,
    "rate": 0.688,
    "ci": [
      0.646085405329654,
      0.7270477381027262
    ]
  },
  "synth_answers_only": {
    "k": 379,
    "rate": 0.758,
    "ci": [
      0.7185828923419191,
      0.7934828044961348
    ]
  },
  "synth_full_reasoning": {
    "k": 354,
    "rate": 0.708,
    "ci": [
      0.6666799846544007,
      0.7461481740367435
    ]
  },
  "elapsed_s": 5231.178106069565
}