{
  "experiment": "synthesis_ablation_math500",
  "model": "qwen-22b",
  "n": 500,
  "k": 4,
  "majority_vote": {
    "k": 354,
    "rate": 0.708,
    "ci": [
      0.6666799846544007,
      0.7461481740367435
    ]
  },
  "synth_answers_only": {
    "k": 367,
    "rate": 0.734,
    "ci": [
      0.6935914395923122,
      0.7708402389352251
    ]
  },
  "synth_full_reasoning": {
    "k": 335,
    "rate": 0.67,
    "ci": [
      0.627624826873818,
      0.709782802825675
    ]
  },
  "cost": 1.9039203999999998,
  "elapsed_s": 7270.456270694733
}