{
  "experiment": "synthesis_ablation_math500",
  "model": "qwen-7b",
  "n": 3,
  "k": 2,
  "majority_vote": {
    "k": 2,
    "rate": 0.6666666666666666,
    "ci": [
      0.2076549551264879,
      0.9385096847238394
    ]
  },
  "synth_answers_only": {
    "k": 2,
    "rate": 0.6666666666666666,
    "ci": [
      0.2076549551264879,
      0.9385096847238394
    ]
  },
  "synth_full_reasoning": {
    "k": 1,
    "rate": 0.3333333333333333,
    "ci": [
      0.0614903152761605,
      0.7923450448735121
    ]
  },
  "cost": 0.001689,
  "elapsed_s": 14.805886030197144
}