{
  "experiment": "synthesis_ablation_math500",
  "model": "qwen-7b",
  "n": 500,
  "k": 4,
  "majority_vote": {
    "k": 322,
    "rate": 0.644,
    "ci": [
      0.6010779467373235,
      0.6847261631257764
    ]
  },
  "synth_answers_only": {
    "k": 263,
    "rate": 0.526,
    "ci": [
      0.4822008460547351,
      0.569402673781658
    ]
  },
  "synth_full_reasoning": {
    "k": 56,
    "rate": 0.112,
    "ci": [
      0.0872623972834597,
      0.14265430669652132
    ]
  },
  "cost": 0.5868350999999999,
  "elapsed_s": 717.9197399616241
}